{"cameraMode":{"drawMode":0,"name":"Shaded","section":"Shading Mode"},"sceneLighting":false,"audioPlay":false,"sceneViewState":{"showFog":true,"showMaterialUpdate":false,"showSkybox":true,"showFlares":true,"showImageEffects":true,"showParticleSystems":true},"in2DMode":false,"pivot":{"x":-0.9889910221099854,"y":1.6412676572799683,"z":1.002974510192871},"rotation":{"x":-0.3895748555660248,"y":-0.4630253314971924,"z":0.23739993572235108,"w":-0.7599791288375855},"size":15.717988014221192,"orthographic":false}