{"cameraMode":{"drawMode":0,"name":"Shaded","section":"Shading Mode"},"sceneLighting":true,"audioPlay":false,"sceneViewState":{"showFog":true,"showMaterialUpdate":false,"showSkybox":true,"showFlares":true,"showImageEffects":true,"showParticleSystems":true},"in2DMode":false,"pivot":{"x":18.344127655029298,"y":-6.263694763183594,"z":-12.382732391357422},"rotation":{"x":0.0054919118992984299,"y":-0.7608354091644287,"z":0.6489598751068115,"w":0.00638998206704855},"size":79.63536071777344,"orthographic":false}